{
    "loss": 1.9556134939193726,
    "accuracy": 0.7758620977401733
}