{
    "loss": 0.8451688885688782,
    "accuracy": 0.8706896305084229
}